<?xml version="1.0" encoding="UTF-8"?>
<project version="4">
  <component name="ChangeListManager">
    <list default="true" id="03ef767d-49bd-4569-9a66-978263eb6590" name="Default Changelist" comment="" />
    <option name="SHOW_DIALOG" value="false" />
    <option name="HIGHLIGHT_CONFLICTS" value="true" />
    <option name="HIGHLIGHT_NON_ACTIVE_CHANGELIST" value="false" />
    <option name="LAST_RESOLUTION" value="IGNORE" />
  </component>
  <component name="FileTemplateManagerImpl">
    <option name="RECENT_TEMPLATES">
      <list>
        <option value="Python Script" />
        <option value="HTML File" />
      </list>
    </option>
  </component>
  <component name="ProjectId" id="1mWDL2wldubHr4V7k1GQXKFwUH5" />
  <component name="ProjectViewState">
    <option name="hideEmptyMiddlePackages" value="true" />
    <option name="showLibraryContents" value="true" />
  </component>
  <component name="PropertiesComponent">
    <property name="DefaultHtmlFileTemplate" value="HTML File" />
    <property name="RunOnceActivity.OpenProjectViewOnStart" value="true" />
    <property name="last_opened_file_path" value="$PROJECT_DIR$/store/static/images" />
    <property name="settings.editor.selected.configurable" value="com.jetbrains.python.configuration.PyActiveSdkModuleConfigurable" />
  </component>
  <component name="RecentsManager">
    <key name="CopyFile.RECENT_KEYS">
      <recent name="C:\Users\ASUS\Desktop\ecommerce\env\e_commerce\store\static\images" />
    </key>
  </component>
  <component name="SpellCheckerSettings" RuntimeDictionaries="0" Folders="0" CustomDictionaries="0" DefaultDictionary="application-level" UseSingleDictionary="true" transferred="true" />
  <component name="TaskManager">
    <task active="true" id="Default" summary="Default task">
      <changelist id="03ef767d-49bd-4569-9a66-978263eb6590" name="Default Changelist" comment="" />
      <created>1609600394056</created>
      <option name="number" value="Default" />
      <option name="presentableId" value="Default" />
      <updated>1609600394056</updated>
    </task>
    <servers />
  </component>
  <component name="UnknownFeatures">
    <option featureType="com.intellij.fileTypeFactory" implementationName="*.css" />
  </component>
  <component name="WindowStateProjectService">
    <state x="526" y="214" key="#com.intellij.fileTypes.FileTypeChooser" timestamp="1609681517620">
      <screen x="0" y="0" width="1536" height="824" />
    </state>
    <state x="526" y="214" key="#com.intellij.fileTypes.FileTypeChooser/0.0.1536.824@0.0.1536.824" timestamp="1609681517620" />
    <state x="548" y="167" key="FileChooserDialogImpl" timestamp="1609684055441">
      <screen x="0" y="0" width="1536" height="824" />
    </state>
    <state x="548" y="167" key="FileChooserDialogImpl/0.0.1536.824@0.0.1536.824" timestamp="1609684055441" />
    <state x="277" y="57" key="SettingsEditor" timestamp="1609600575685">
      <screen x="0" y="0" width="1536" height="824" />
    </state>
    <state x="277" y="57" key="SettingsEditor/0.0.1536.824@0.0.1536.824" timestamp="1609600575685" />
  </component>
</project>