<?xml version="1.0" encoding="UTF-8"?>
<project version="4">
  <component name="ChangeListManager">
    <list default="true" id="ddb1a209-26ea-48ee-9261-f27c1075976d" name="Default Changelist" comment="" />
    <option name="SHOW_DIALOG" value="false" />
    <option name="HIGHLIGHT_CONFLICTS" value="true" />
    <option name="HIGHLIGHT_NON_ACTIVE_CHANGELIST" value="false" />
    <option name="LAST_RESOLUTION" value="IGNORE" />
  </component>
  <component name="ProjectId" id="1mWDAgjOFdZ9ysUY5YCS41mOaoj" />
  <component name="ProjectViewState">
    <option name="hideEmptyMiddlePackages" value="true" />
    <option name="showLibraryContents" value="true" />
  </component>
  <component name="PropertiesComponent">
    <property name="RunOnceActivity.OpenProjectViewOnStart" value="true" />
    <property name="last_opened_file_path" value="$PROJECT_DIR$/.." />
  </component>
  <component name="SpellCheckerSettings" RuntimeDictionaries="0" Folders="0" CustomDictionaries="0" DefaultDictionary="application-level" UseSingleDictionary="true" transferred="true" />
  <component name="TaskManager">
    <task active="true" id="Default" summary="Default task">
      <changelist id="ddb1a209-26ea-48ee-9261-f27c1075976d" name="Default Changelist" comment="" />
      <created>1609600313114</created>
      <option name="number" value="Default" />
      <option name="presentableId" value="Default" />
      <updated>1609600313114</updated>
    </task>
    <servers />
  </component>
  <component name="WindowStateProjectService">
    <state x="549" y="167" key="FileChooserDialogImpl" timestamp="1609600389090">
      <screen x="0" y="0" width="1536" height="824" />
    </state>
    <state x="549" y="167" key="FileChooserDialogImpl/0.0.1536.824@0.0.1536.824" timestamp="1609600389090" />
  </component>
</project>